Date,exalus,exbzus,excaus,exchus,exdnus,exhkus,exinus,exjpus,exkous,exmaus,exmxus,exnzus,exnous,exsius,exsfus,exslus,exsdus,exszus,extaus,exthus,exukus,exvzus,exeuus
1-Jan,1.8012 ,1.9561 ,1.5032 ,8.2776 ,7.9629 ,7.7998 ,46.6100 ,116.6700 ,1272.6300 ,3.8000 ,9.7690 ,2.2512 ,8.7817 ,1.7380 ,7.7786 ,85.8330 ,9.4910 ,1.6305 ,32.6730 ,43.1490 ,0.6768 ,0.7000 ,1.0666 
1-Feb,1.8734 ,2.0060 ,1.5216 ,8.2771 ,8.1103 ,7.7999 ,46.5600 ,116.2300 ,1252.8500 ,3.8000 ,9.7110 ,2.3015 ,8.9180 ,1.7435 ,7.8214 ,87.1360 ,9.7518 ,1.6686 ,32.3300 ,42.6650 ,0.6885 ,0.7000 ,1.0864 
1-Mar,1.9877 ,2.0955 ,1.5587 ,8.2775 ,8.2229 ,7.7999 ,46.6500 ,121.5100 ,1291.4100 ,3.8000 ,9.5990 ,2.3912 ,8.9859 ,1.7732 ,7.8980 ,85.7300 ,10.0516 ,1.6908 ,32.6220 ,43.9880 ,0.6923 ,0.7100 ,1.1010 
1-Apr,1.9936 ,2.1934 ,1.5578 ,8.2771 ,8.3657 ,7.7993 ,46.7900 ,123.7700 ,1327.7600 ,3.8000 ,9.3280 ,2.4576 ,9.0920 ,1.8118 ,8.0783 ,88.2050 ,10.2035 ,1.7131 ,32.9410 ,45.4940 ,0.6970 ,0.7100 ,1.1204 
1-May,1.9234 ,2.2926 ,1.5411 ,8.2770 ,8.5256 ,7.7999 ,46.9500 ,121.7700 ,1298.9000 ,3.8000 ,9.1480 ,2.3708 ,9.1380 ,1.8141 ,7.9789 ,90.8480 ,10.3513 ,1.7528 ,33.2030 ,45.5250 ,0.7010 ,0.7100 ,1.1425 
1-Jun,1.9305 ,2.3788 ,1.5245 ,8.2770 ,8.7397 ,7.7997 ,47.0400 ,122.3500 ,1295.0500 ,3.8000 ,9.0880 ,2.4149 ,9.3014 ,1.8170 ,8.0595 ,90.3710 ,10.7930 ,1.7856 ,34.3280 ,45.2630 ,0.7133 ,0.7200 ,1.1723 
1-Jul,1.9650 ,2.4731 ,1.5308 ,8.2769 ,8.6442 ,7.7999 ,47.1800 ,124.5000 ,1305.2400 ,3.8000 ,9.1680 ,2.4504 ,9.2566 ,1.8233 ,8.2094 ,90.3140 ,10.7603 ,1.7570 ,34.8210 ,45.6410 ,0.7068 ,0.7200 ,1.1608 
1-Aug,1.9062 ,2.5122 ,1.5399 ,8.2770 ,8.2632 ,7.7997 ,47.1700 ,121.3700 ,1285.6500 ,3.8000 ,9.1330 ,2.3180 ,8.9427 ,1.7613 ,8.3115 ,89.9940 ,10.3329 ,1.6808 ,34.6390 ,44.9070 ,0.6958 ,0.7300 ,1.1094 
1-Sep,1.9857 ,2.6767 ,1.5679 ,8.2768 ,8.1654 ,7.7997 ,47.7500 ,118.6100 ,1293.8300 ,3.8000 ,9.4250 ,2.3964 ,8.7691 ,1.7494 ,8.6756 ,90.1570 ,10.6353 ,1.6338 ,34.5850 ,44.3310 ,0.6832 ,0.7400 ,1.0972 
1-Oct,1.9833 ,2.7408 ,1.5717 ,8.2768 ,8.2186 ,7.7999 ,48.0500 ,121.4500 ,1302.3600 ,3.8001 ,9.3390 ,2.4160 ,8.8329 ,1.8113 ,9.2804 ,90.9540 ,10.5661 ,1.6357 ,34.5830 ,44.7500 ,0.6896 ,0.7400 ,1.1050 
1-Nov,1.9361 ,2.5481 ,1.5922 ,8.2769 ,8.3832 ,7.7996 ,48.0400 ,122.4100 ,1282.1000 ,3.8000 ,9.2250 ,2.4050 ,8.9296 ,1.8295 ,9.7388 ,92.6700 ,10.6117 ,1.6509 ,34.4980 ,44.4110 ,0.6966 ,0.7500 ,1.1257 
1-Dec,1.9463 ,2.3635 ,1.5788 ,8.2764 ,8.3526 ,7.7989 ,47.9300 ,127.5900 ,1292.2900 ,3.8000 ,9.1570 ,2.4056 ,8.9713 ,1.8382 ,11.6761 ,93.1940 ,10.5753 ,1.6566 ,34.6820 ,43.9520 ,0.6938 ,0.7500 ,1.1221 
2-Jan,1.9342 ,2.3799 ,1.5997 ,8.2771 ,8.4183 ,7.7989 ,48.3500 ,132.6800 ,1316.3400 ,3.8000 ,9.1640 ,2.3557 ,8.9684 ,1.8394 ,11.6258 ,93.4730 ,10.4561 ,1.6709 ,35.0270 ,44.0360 ,0.6982 ,0.7600 ,1.1322 
2-Feb,1.9501 ,2.4242 ,1.5964 ,8.2767 ,8.5343 ,7.7996 ,48.7200 ,133.6400 ,1320.5500 ,3.8002 ,9.1050 ,2.3883 ,8.9492 ,1.8312 ,11.4923 ,93.6500 ,10.5501 ,1.6970 ,35.0730 ,43.8540 ,0.7029 ,0.9000 ,1.1485 
2-Mar,1.9026 ,2.3450 ,1.5877 ,8.2773 ,8.4795 ,7.7997 ,48.7700 ,131.0600 ,1322.9000 ,3.8000 ,9.0640 ,2.3079 ,8.8072 ,1.8295 ,11.4863 ,94.9030 ,10.3324 ,1.6743 ,35.0200 ,43.4150 ,0.7027 ,0.9200 ,1.1408 
2-Apr,1.8685 ,2.3227 ,1.5815 ,8.2772 ,8.3942 ,7.8000 ,48.9400 ,130.7700 ,1318.0900 ,3.8000 ,9.1650 ,2.2584 ,8.6102 ,1.8285 ,11.0832 ,96.0300 ,10.3070 ,1.6542 ,34.9170 ,43.4420 ,0.6930 ,0.8700 ,1.1287 
2-May,1.8188 ,2.4753 ,1.5502 ,8.2770 ,8.1098 ,7.7994 ,49.0200 ,126.3800 ,1262.2000 ,3.8000 ,9.5100 ,2.1692 ,8.2050 ,1.8004 ,10.1615 ,96.3180 ,10.0642 ,1.5889 ,34.4540 ,42.8170 ,0.6850 ,0.9900 ,1.0905 
2-Jun,1.7599 ,2.7144 ,1.5318 ,8.2767 ,7.7775 ,7.8000 ,48.9800 ,123.2900 ,1219.7000 ,3.8000 ,9.7670 ,2.0467 ,7.7533 ,1.7831 ,10.1841 ,96.4080 ,9.5376 ,1.5399 ,33.8890 ,42.1600 ,0.6740 ,1.2100 ,1.0459 
2-Jul,1.8057 ,2.9414 ,1.5456 ,8.2768 ,7.4807 ,7.8000 ,48.7900 ,117.9000 ,1179.9900 ,3.8000 ,9.7790 ,2.0794 ,7.4694 ,1.7524 ,10.1032 ,96.2660 ,9.3474 ,1.4718 ,33.2720 ,41.2570 ,0.6425 ,1.3200 ,1.0065 
2-Aug,1.8474 ,3.1082 ,1.5694 ,8.2767 ,7.5948 ,7.8000 ,48.6200 ,118.9900 ,1197.5100 ,3.8000 ,9.8390 ,2.1575 ,7.6042 ,1.7553 ,10.5878 ,96.2810 ,9.4610 ,1.4972 ,33.8840 ,42.1930 ,0.6507 ,1.3800 ,1.0224 
2-Sep,1.8298 ,3.3548 ,1.5761 ,8.2770 ,7.5752 ,7.7999 ,48.4600 ,121.0800 ,1211.6100 ,3.8000 ,10.0710 ,2.1268 ,7.5018 ,1.7682 ,10.5967 ,96.2070 ,9.3400 ,1.4931 ,34.5730 ,42.8930 ,0.6425 ,1.4600 ,1.0198 
2-Oct,1.8175 ,3.7966 ,1.5780 ,8.2772 ,7.5732 ,7.7995 ,48.3900 ,123.9100 ,1240.1900 ,3.8000 ,10.0940 ,2.0756 ,7.4873 ,1.7843 ,10.3058 ,96.4020 ,9.2846 ,1.4932 ,34.9470 ,43.6410 ,0.6421 ,1.4400 ,1.0192 
2-Nov,1.7816 ,3.5924 ,1.5715 ,8.2772 ,7.4201 ,7.7994 ,48.2900 ,121.6100 ,1210.2000 ,3.8000 ,10.1950 ,2.0109 ,7.3157 ,1.7653 ,9.6509 ,96.4260 ,9.0652 ,1.4658 ,34.6730 ,43.3530 ,0.6365 ,1.3600 ,0.9987 
2-Dec,1.7781 ,3.6268 ,1.5592 ,8.2777 ,7.2874 ,7.7988 ,48.1500 ,121.8900 ,1206.6100 ,3.8000 ,10.2250 ,1.9577 ,7.1557 ,1.7532 ,8.9479 ,96.7050 ,8.9303 ,1.4388 ,34.7990 ,43.3180 ,0.6304 ,1.3300 ,0.9810 
3-Jan,1.7156 ,3.4375 ,1.5414 ,8.2775 ,6.9980 ,7.7994 ,47.9600 ,118.8100 ,1176.4500 ,3.8000 ,10.6220 ,1.8525 ,6.9138 ,1.7363 ,8.6949 ,96.8130 ,8.6368 ,1.3765 ,34.5710 ,42.7730 ,0.6182 ,1.7100 ,0.9414 
3-Feb,1.6790 ,3.5955 ,1.5121 ,8.2780 ,6.8920 ,7.7995 ,47.7500 ,119.3400 ,1190.3700 ,3.8000 ,10.9450 ,1.8054 ,7.0004 ,1.7451 ,8.2858 ,96.8800 ,8.4837 ,1.3602 ,34.7340 ,42.8970 ,0.6219 ,1.6500 ,0.9272 
3-Mar,1.6625 ,3.4567 ,1.4761 ,8.2773 ,6.8807 ,7.7991 ,47.6800 ,118.6900 ,1237.2000 ,3.8000 ,10.9050 ,1.8060 ,7.2760 ,1.7551 ,8.0506 ,96.9430 ,8.5440 ,1.3614 ,34.7220 ,42.7830 ,0.6319 ,1.6000 ,0.9262 
3-Apr,1.6393 ,3.1090 ,1.4582 ,8.2772 ,6.8381 ,7.7996 ,47.3900 ,119.9000 ,1231.1000 ,3.8000 ,10.5890 ,1.8123 ,7.2032 ,1.7771 ,7.6634 ,97.0040 ,8.4314 ,1.3783 ,34.8240 ,42.9290 ,0.6354 ,1.6000 ,0.9206 
3-May,1.5461 ,2.9517 ,1.3840 ,8.2769 ,6.4268 ,7.7991 ,47.1100 ,117.3700 ,1201.2300 ,3.8000 ,10.2530 ,1.7373 ,6.8145 ,1.7357 ,7.6604 ,97.2310 ,7.9213 ,1.3111 ,34.6970 ,42.2170 ,0.6164 ,1.6000 ,0.8654 
3-Jun,1.5033 ,2.8887 ,1.3525 ,8.2771 ,6.3620 ,7.7988 ,46.7000 ,118.3300 ,1194.1400 ,3.8000 ,10.5030 ,1.7197 ,7.0093 ,1.7351 ,7.8588 ,97.2360 ,7.8116 ,1.3196 ,34.6330 ,41.6750 ,0.6021 ,1.6000 ,0.8566 
3-Jul,1.5135 ,2.8833 ,1.3821 ,8.2773 ,6.5425 ,7.7992 ,46.2200 ,118.7000 ,1181.1600 ,3.8000 ,10.4580 ,1.7053 ,7.2924 ,1.7551 ,7.5458 ,97.1530 ,8.0929 ,1.3611 ,34.3970 ,41.8080 ,0.6165 ,1.6000 ,0.8799 
3-Aug,1.5342 ,3.0053 ,1.3963 ,8.2770 ,6.6653 ,7.7993 ,45.9600 ,118.6600 ,1178.6000 ,3.8000 ,10.7830 ,1.7156 ,7.4096 ,1.7533 ,7.3945 ,96.9750 ,8.2821 ,1.3811 ,34.3180 ,41.6560 ,0.6274 ,1.6000 ,0.8965 
3-Sep,1.5072 ,2.9204 ,1.3634 ,8.2772 ,6.5953 ,7.7850 ,45.8500 ,114.8000 ,1165.4000 ,3.8000 ,10.9230 ,1.7114 ,7.2782 ,1.7466 ,7.3060 ,95.2840 ,8.0426 ,1.3743 ,33.9950 ,40.4830 ,0.6190 ,1.6000 ,0.8875 
3-Oct,1.4393 ,2.8628 ,1.3221 ,8.2768 ,6.3449 ,7.7427 ,45.4000 ,109.5000 ,1169.3400 ,3.8000 ,11.1800 ,1.6611 ,7.0331 ,1.7345 ,6.9644 ,94.5600 ,7.6957 ,1.3222 ,33.8750 ,39.7610 ,0.5955 ,1.6000 ,0.8537 
3-Nov,1.3970 ,2.9150 ,1.3130 ,8.2769 ,6.3526 ,7.7637 ,45.5500 ,109.1800 ,1186.3900 ,3.8000 ,11.1490 ,1.5911 ,7.0054 ,1.7282 ,6.7205 ,96.0110 ,7.6799 ,1.3318 ,34.0360 ,39.9350 ,0.5918 ,1.6000 ,0.8540 
3-Dec,1.3530 ,2.9255 ,1.3128 ,8.2770 ,6.0537 ,7.7645 ,45.5700 ,107.7400 ,1192.3400 ,3.8000 ,11.2520 ,1.5454 ,6.7128 ,1.7107 ,6.5374 ,96.4130 ,7.3395 ,1.2643 ,34.0560 ,39.7450 ,0.5709 ,1.6000 ,0.8131 
4-Jan,1.2958 ,2.8533 ,1.2958 ,8.2770 ,5.8952 ,7.7663 ,45.4600 ,106.2700 ,1183.3500 ,3.8000 ,10.9200 ,1.4841 ,6.8117 ,1.6965 ,6.9398 ,98.0090 ,7.2334 ,1.2391 ,33.6690 ,39.1240 ,0.5478 ,1.6000 ,0.7913 
4-Feb,1.2870 ,2.9342 ,1.3299 ,8.2771 ,5.8956 ,7.7748 ,45.2700 ,106.7100 ,1167.5300 ,3.8000 ,11.0320 ,1.4459 ,6.9508 ,1.6869 ,6.7542 ,98.5070 ,7.2630 ,1.2448 ,33.2140 ,39.1160 ,0.5355 ,1.8200 ,0.7911 
4-Mar,1.3340 ,2.9067 ,1.3286 ,8.2771 ,6.0757 ,7.7930 ,44.9700 ,108.5200 ,1166.2900 ,3.8000 ,11.0190 ,1.5135 ,6.9598 ,1.6996 ,6.6140 ,97.5220 ,7.5322 ,1.2778 ,33.2520 ,39.4700 ,0.5476 ,1.9200 ,0.8156 
4-Apr,1.3435 ,2.9079 ,1.3420 ,8.2769 ,6.2104 ,7.7970 ,43.8900 ,107.6600 ,1152.8600 ,3.8000 ,11.2700 ,1.5588 ,6.9263 ,1.6849 ,6.5747 ,98.1320 ,7.6496 ,1.2969 ,32.9710 ,39.4530 ,0.5546 ,1.9200 ,0.8341 
4-May,1.4207 ,3.1023 ,1.3789 ,8.2771 ,6.2021 ,7.7971 ,45.1800 ,112.2000 ,1177.8800 ,3.8000 ,11.5200 ,1.6258 ,6.8428 ,1.7124 ,6.7996 ,98.9290 ,7.6097 ,1.2839 ,33.4440 ,40.5600 ,0.5599 ,1.9200 ,0.8333 
4-Jun,1.4415 ,3.1293 ,1.3578 ,8.2767 ,6.1220 ,7.7980 ,45.5000 ,109.4300 ,1159.0200 ,3.8000 ,11.3930 ,1.5913 ,6.8279 ,1.7136 ,6.4216 ,100.9300 ,7.5323 ,1.2503 ,33.5680 ,40.8270 ,0.5471 ,1.9200 ,0.8233 
4-Jul,1.3965 ,3.0384 ,1.3225 ,8.2767 ,6.0631 ,7.8000 ,46.0600 ,109.4900 ,1158.7000 ,3.8000 ,11.4680 ,1.5463 ,6.9126 ,1.7121 ,6.1350 ,102.9980 ,7.5027 ,1.2452 ,33.8060 ,40.9820 ,0.5424 ,1.9200 ,0.8153 
4-Aug,1.4063 ,3.0018 ,1.3127 ,8.2768 ,6.1007 ,7.7997 ,46.3200 ,110.2300 ,1158.0300 ,3.8000 ,11.3950 ,1.5242 ,6.8369 ,1.7145 ,6.4667 ,103.4360 ,7.5362 ,1.2623 ,34.0230 ,41.5210 ,0.5494 ,1.9200 ,0.8203 
4-Sep,1.4229 ,2.8914 ,1.2881 ,8.2767 ,6.0866 ,7.7995 ,46.0500 ,110.0900 ,1148.7200 ,3.8000 ,11.4870 ,1.5165 ,6.8416 ,1.6948 ,6.5349 ,103.3260 ,7.4356 ,1.2629 ,33.8930 ,41.4740 ,0.5575 ,1.9200 ,0.8181 
4-Oct,1.3630 ,2.8520 ,1.2469 ,8.2765 ,5.9486 ,7.7889 ,45.7400 ,108.7800 ,1141.5700 ,3.8000 ,11.4040 ,1.4607 ,6.5809 ,1.6767 ,6.3815 ,103.8850 ,7.2453 ,1.2330 ,33.7750 ,41.2940 ,0.5532 ,1.9200 ,0.7996 
4-Nov,1.2980 ,2.7877 ,1.1968 ,8.2765 ,5.7178 ,7.7755 ,45.0300 ,104.7000 ,1086.4400 ,3.8000 ,11.3710 ,1.4267 ,6.2700 ,1.6505 ,6.0305 ,104.6320 ,6.9257 ,1.1711 ,32.7770 ,40.2820 ,0.5374 ,1.9200 ,0.7694 
4-Dec,1.3029 ,2.7150 ,1.2189 ,8.2765 ,5.5449 ,7.7760 ,43.8500 ,103.8100 ,1050.3700 ,3.8000 ,11.2010 ,1.3988 ,6.1355 ,1.6402 ,5.7235 ,104.7480 ,6.6969 ,1.1465 ,32.1700 ,39.1840 ,0.5185 ,1.9200 ,0.7459 
5-Jan,1.3041 ,2.6895 ,1.2248 ,8.2765 ,5.6699 ,7.7948 ,43.6200 ,103.3400 ,1037.9800 ,3.8000 ,11.2630 ,1.4154 ,6.2672 ,1.6377 ,5.9587 ,98.9290 ,6.8991 ,1.1792 ,31.8470 ,38.7390 ,0.5320 ,1.9200 ,0.7620 
5-Feb,1.2801 ,2.5971 ,1.2401 ,8.2765 ,5.7195 ,7.7994 ,43.5800 ,104.9400 ,1023.1100 ,3.8000 ,11.1370 ,1.3976 ,6.3960 ,1.6381 ,6.0001 ,99.2730 ,6.9800 ,1.1918 ,31.4980 ,38.4460 ,0.5299 ,1.9200 ,0.7685 
5-Mar,1.2742 ,2.7061 ,1.2160 ,8.2765 ,5.6488 ,7.7994 ,43.5900 ,105.2500 ,1007.7800 ,3.8000 ,11.1550 ,1.3699 ,6.2116 ,1.6308 ,6.0328 ,99.3900 ,6.8954 ,1.1756 ,31.1060 ,38.5940 ,0.5251 ,2.1200 ,0.7584 
5-Apr,1.2923 ,2.5760 ,1.2359 ,8.2765 ,5.7554 ,7.7984 ,43.6400 ,107.1900 ,1010.0700 ,3.8000 ,11.1120 ,1.3872 ,6.3147 ,1.6511 ,6.1469 ,99.6710 ,7.0814 ,1.1954 ,31.4800 ,39.5210 ,0.5274 ,2.1400 ,0.7726 
5-May,1.3050 ,2.4554 ,1.2555 ,8.2765 ,5.8628 ,7.7914 ,43.4100 ,106.6000 ,1001.8400 ,3.8000 ,10.9760 ,1.3906 ,6.3656 ,1.6507 ,6.3267 ,99.7910 ,7.2382 ,1.2172 ,31.2650 ,39.8010 ,0.5388 ,2.1400 ,0.7876 
5-Jun,1.3043 ,2.4148 ,1.2402 ,8.2765 ,6.1247 ,7.7755 ,43.5200 ,108.7500 ,1012.4600 ,3.8000 ,10.8200 ,1.4118 ,6.4936 ,1.6723 ,6.7396 ,99.9460 ,7.6229 ,1.2665 ,31.3470 ,40.9170 ,0.5501 ,2.1400 ,0.8227 
5-Jul,1.3291 ,2.3702 ,1.2229 ,8.2264 ,6.1943 ,7.7751 ,43.4300 ,111.9500 ,1036.5600 ,3.7872 ,10.6720 ,1.4730 ,6.5783 ,1.6815 ,6.6966 ,100.2830 ,7.8263 ,1.2945 ,31.8860 ,41.7000 ,0.5712 ,2.1400 ,0.8305 
5-Aug,1.3134 ,2.3609 ,1.2043 ,8.1017 ,6.0665 ,7.7709 ,43.5500 ,110.6100 ,1021.6800 ,3.7589 ,10.6860 ,1.4376 ,6.4367 ,1.6623 ,6.4599 ,100.7380 ,7.5951 ,1.2629 ,32.0760 ,41.1320 ,0.5573 ,2.1400 ,0.8133 
5-Sep,1.3070 ,2.2949 ,1.1777 ,8.0919 ,6.0973 ,7.7618 ,43.8500 ,111.2400 ,1029.8400 ,3.7689 ,10.7860 ,1.4312 ,6.3830 ,1.6820 ,6.3661 ,101.3320 ,7.6300 ,1.2671 ,32.9250 ,41.0410 ,0.5536 ,2.1400 ,0.8174 
5-Oct,1.3271 ,2.2536 ,1.1774 ,8.0895 ,6.2064 ,7.7559 ,44.7600 ,114.8700 ,1045.8800 ,3.7735 ,10.8350 ,1.4320 ,6.5103 ,1.6915 ,6.5878 ,101.4850 ,7.8433 ,1.2880 ,33.4680 ,40.8950 ,0.5665 ,2.1400 ,0.8318 
5-Nov,1.3600 ,2.2109 ,1.1815 ,8.0840 ,6.3277 ,7.7538 ,45.6300 ,118.4500 ,1040.7600 ,3.7782 ,10.6720 ,1.4499 ,6.6399 ,1.6981 ,6.6554 ,101.8000 ,8.1157 ,1.3110 ,33.5800 ,41.0970 ,0.5764 ,2.1400 ,0.8482 
5-Dec,1.3472 ,2.2809 ,1.1615 ,8.0755 ,6.2844 ,7.7531 ,45.5600 ,118.4600 ,1022.3800 ,3.7780 ,10.6270 ,1.4395 ,6.7242 ,1.6738 ,6.3480 ,101.9770 ,7.9518 ,1.3053 ,33.2860 ,41.0760 ,0.5728 ,2.1400 ,0.8431 
6-Jan,1.3324 ,2.2666 ,1.1572 ,8.0654 ,6.1530 ,7.7537 ,44.2000 ,115.4800 ,981.4400 ,3.7530 ,10.5420 ,1.4552 ,6.6287 ,1.6310 ,6.0760 ,102.0160 ,7.6697 ,1.2773 ,32.0350 ,39.5190 ,0.5654 ,2.1400 ,0.8247 
6-Feb,1.3481 ,2.1587 ,1.1489 ,8.0512 ,6.2514 ,7.7593 ,44.2300 ,117.8600 ,969.8400 ,3.7276 ,10.4840 ,1.4848 ,6.7526 ,1.6286 ,6.1153 ,102.1940 ,7.8226 ,1.3052 ,32.3190 ,39.3430 ,0.5721 ,2.1400 ,0.8375 
6-Mar,1.3763 ,2.1528 ,1.1573 ,8.0350 ,6.2025 ,7.7591 ,44.3400 ,117.2800 ,974.7100 ,3.7040 ,10.7490 ,1.5768 ,6.6317 ,1.6211 ,6.2436 ,102.6480 ,7.8109 ,1.3050 ,32.4590 ,38.9470 ,0.5733 ,2.1400 ,0.8314 
6-Apr,1.3570 ,2.1281 ,1.1441 ,8.0143 ,6.0798 ,7.7561 ,44.8200 ,117.0700 ,952.6000 ,3.6626 ,11.0490 ,1.6077 ,6.3922 ,1.6008 ,6.0811 ,102.6350 ,7.6005 ,1.2830 ,32.2880 ,37.9520 ,0.5656 ,2.1400 ,0.8148 
6-May,1.3091 ,2.1697 ,1.1100 ,8.0131 ,5.8398 ,7.7538 ,45.2000 ,111.7300 ,940.8200 ,3.6091 ,11.0910 ,1.5845 ,6.1040 ,1.5755 ,6.3128 ,102.8380 ,7.3050 ,1.2190 ,31.7370 ,37.9470 ,0.5351 ,2.1400 ,0.7833 
6-Jun,1.3515 ,2.2493 ,1.1137 ,8.0042 ,5.8897 ,7.7636 ,45.8900 ,114.6300 ,954.4500 ,3.6638 ,11.3930 ,1.6155 ,6.2070 ,1.5912 ,6.9738 ,103.5250 ,7.2949 ,1.2321 ,32.4400 ,38.3490 ,0.5424 ,2.1400 ,0.7898 
6-Jul,1.3284 ,2.1883 ,1.1294 ,7.9897 ,5.8826 ,7.7734 ,46.3700 ,115.7700 ,950.8100 ,3.6679 ,10.9830 ,1.6186 ,6.2617 ,1.5837 ,7.0688 ,103.9570 ,7.2654 ,1.2376 ,32.6170 ,37.9690 ,0.5422 ,2.1400 ,0.7886 
6-Aug,1.3104 ,2.1553 ,1.1182 ,7.9722 ,5.8236 ,7.7762 ,46.4500 ,115.9200 ,960.9500 ,3.6730 ,10.8740 ,1.5753 ,6.2423 ,1.5754 ,6.9503 ,103.6690 ,7.1890 ,1.2318 ,32.7610 ,37.5870 ,0.5280 ,2.1400 ,0.7806 
6-Sep,1.3247 ,2.1679 ,1.1161 ,7.9334 ,5.8633 ,7.7825 ,46.0100 ,117.2100 ,952.2900 ,3.6699 ,10.9890 ,1.5265 ,6.5008 ,1.5803 ,7.4465 ,102.5950 ,7.2844 ,1.2455 ,32.9040 ,37.4270 ,0.5308 ,2.1400 ,0.7860 
6-Oct,1.3256 ,2.1458 ,1.1285 ,7.9018 ,5.9085 ,7.7849 ,45.3600 ,118.6100 ,952.6400 ,3.6762 ,10.8850 ,1.5103 ,6.6591 ,1.5775 ,7.6300 ,105.7180 ,7.3338 ,1.2602 ,33.1940 ,37.2810 ,0.5329 ,2.1400 ,0.7926 
6-Nov,1.2940 ,2.1555 ,1.1359 ,7.8622 ,5.7858 ,7.7816 ,44.7300 ,117.3200 ,935.4100 ,3.6413 ,10.9130 ,1.4941 ,6.3991 ,1.5558 ,7.2455 ,107.7200 ,7.0612 ,1.2356 ,32.8080 ,36.5010 ,0.5229 ,2.1400 ,0.7759 
6-Dec,1.2726 ,2.1476 ,1.1532 ,7.8219 ,5.6452 ,7.7733 ,44.4800 ,117.3200 ,924.9800 ,3.5477 ,10.8550 ,1.4424 ,6.1826 ,1.5401 ,7.0345 ,107.7910 ,6.8398 ,1.2099 ,32.5120 ,35.6940 ,0.5095 ,2.1400 ,0.7573 
7-Jan,1.2778 ,2.1376 ,1.1763 ,7.7876 ,5.7364 ,7.8000 ,44.2100 ,120.4500 ,936.7600 ,3.5065 ,10.9560 ,1.4395 ,6.3656 ,1.5373 ,7.1898 ,108.5220 ,6.9901 ,1.2431 ,32.7700 ,35.1890 ,0.5105 ,2.1400 ,0.7696 
7-Feb,1.2771 ,2.0939 ,1.1710 ,7.7502 ,5.6981 ,7.8114 ,44.0200 ,120.5000 ,936.9000 ,3.4949 ,10.9950 ,1.4422 ,6.1860 ,1.5333 ,7.1755 ,108.6840 ,7.0200 ,1.2393 ,32.9680 ,33.8880 ,0.5105 ,2.1400 ,0.7645 
7-Mar,1.2607 ,2.0883 ,1.1682 ,7.7369 ,5.6232 ,7.8132 ,43.7900 ,117.2600 ,942.8800 ,3.4894 ,11.1140 ,1.4296 ,6.1401 ,1.5242 ,7.3525 ,109.2940 ,7.0171 ,1.2178 ,33.0100 ,32.6420 ,0.5135 ,2.1400 ,0.7549 
7-Apr,1.2088 ,2.0302 ,1.1350 ,7.7247 ,5.5155 ,7.8154 ,42.0200 ,118.9300 ,930.6900 ,3.4364 ,10.9800 ,1.3615 ,6.0098 ,1.5150 ,7.1026 ,109.3600 ,6.8371 ,1.2124 ,33.1450 ,32.4210 ,0.5030 ,2.1400 ,0.7400 
7-May,1.2115 ,1.9836 ,1.0951 ,7.6773 ,5.5120 ,7.8187 ,40.5700 ,120.7700 ,927.5600 ,3.4002 ,10.8220 ,1.3635 ,6.0220 ,1.5231 ,7.0148 ,110.8000 ,6.8094 ,1.2211 ,33.2780 ,32.8180 ,0.5040 ,2.1400 ,0.7398 
7-Jun,1.1872 ,1.9323 ,1.0651 ,7.6333 ,5.5463 ,7.8142 ,40.5900 ,122.6900 ,927.8700 ,3.4444 ,10.8330 ,1.3210 ,5.9980 ,1.5367 ,7.1515 ,110.9660 ,6.9485 ,1.2330 ,32.9740 ,32.3180 ,0.5033 ,2.1400 ,0.7451 
7-Jul,1.1525 ,1.8812 ,1.0502 ,7.5757 ,5.4199 ,7.8197 ,40.2700 ,121.4100 ,918.1200 ,3.4397 ,10.8150 ,1.2719 ,5.7807 ,1.5156 ,6.9730 ,111.6720 ,6.6933 ,1.2069 ,32.8100 ,30.3870 ,0.4913 ,2.1400 ,0.7285 
7-Aug,1.2061 ,1.9620 ,1.0579 ,7.5734 ,5.4621 ,7.8155 ,40.6800 ,116.7300 ,934.4800 ,3.4826 ,11.0440 ,1.3776 ,5.8492 ,1.5226 ,7.2153 ,112.1840 ,6.8429 ,1.2027 ,32.9620 ,31.7960 ,0.4973 ,2.1400 ,0.7339 
7-Sep,1.1819 ,1.9023 ,1.0267 ,7.5210 ,5.3563 ,7.7824 ,40.1700 ,115.0400 ,928.6000 ,3.4691 ,11.0320 ,1.3912 ,5.6256 ,1.5110 ,7.1007 ,113.3420 ,6.6713 ,1.1852 ,33.0100 ,32.0570 ,0.4954 ,2.1400 ,0.7189 
7-Oct,1.1116 ,1.7987 ,0.9754 ,7.5019 ,5.2363 ,7.7545 ,39.3700 ,115.8700 ,914.9400 ,3.3735 ,10.8210 ,1.3153 ,5.4023 ,1.4650 ,6.7574 ,112.8580 ,6.4439 ,1.1741 ,32.5470 ,31.5250 ,0.4890 ,2.1400 ,0.7026 
7-Nov,1.1159 ,1.7669 ,0.9672 ,7.4210 ,5.0766 ,7.7774 ,39.3300 ,111.0700 ,918.8100 ,3.3588 ,10.8810 ,1.3104 ,5.4156 ,1.4466 ,6.7049 ,110.4180 ,6.3242 ,1.1233 ,32.3280 ,31.3480 ,0.4831 ,2.1400 ,0.6811 
7-Dec,1.1469 ,1.7852 ,1.0021 ,7.3682 ,5.1235 ,7.7983 ,39.3800 ,112.4500 ,931.1000 ,3.3324 ,10.8460 ,1.3004 ,5.5000 ,1.4487 ,6.8376 ,108.8910 ,6.4764 ,1.1402 ,32.4120 ,30.1580 ,0.4960 ,2.1400 ,0.6869 
8-Jan,1.1334 ,1.7710 ,1.0099 ,7.2405 ,5.0575 ,7.8044 ,39.2700 ,107.8200 ,942.0600 ,3.2653 ,10.9060 ,1.2920 ,5.3993 ,1.4299 ,6.9962 ,108.1560 ,6.3978 ,1.1006 ,32.3590 ,30.3050 ,0.5076 ,2.1400 ,0.6790 
8-Feb,1.0949 ,1.7290 ,0.9986 ,7.1644 ,5.0507 ,7.7963 ,39.6700 ,107.0300 ,944.0100 ,3.2216 ,10.7680 ,1.2549 ,5.3851 ,1.4106 ,7.6578 ,107.8270 ,6.3450 ,1.0890 ,31.6130 ,31.1740 ,0.5090 ,2.1400 ,0.6776 
8-Mar,1.0845 ,1.7090 ,1.0029 ,7.0722 ,4.8043 ,7.7813 ,40.1500 ,100.7600 ,981.7300 ,3.1841 ,10.7330 ,1.2494 ,5.1495 ,1.3843 ,7.9921 ,107.6840 ,6.0613 ,1.0126 ,30.5770 ,31.4040 ,0.4996 ,2.1400 ,0.6443 
8-Apr,1.0742 ,1.6863 ,1.0137 ,6.9997 ,4.7354 ,7.7910 ,39.9700 ,102.6800 ,986.8600 ,3.1604 ,10.5150 ,1.2663 ,5.0541 ,1.3643 ,7.7585 ,107.7790 ,5.9470 ,1.0138 ,30.3560 ,31.5580 ,0.5046 ,2.1400 ,0.6348 
8-May,1.0535 ,1.6585 ,0.9993 ,6.9725 ,4.7963 ,7.7988 ,42.0000 ,104.3600 ,1034.1300 ,3.2127 ,10.4380 ,1.2858 ,5.0571 ,1.3659 ,7.6076 ,107.7710 ,5.9887 ,1.0448 ,30.5890 ,32.0260 ,0.5089 ,2.1400 ,0.6429 
8-Jun,1.0514 ,1.6179 ,1.0166 ,6.8993 ,4.7926 ,7.8073 ,42.7600 ,106.9200 ,1031.4900 ,3.2568 ,10.3270 ,1.3130 ,5.1351 ,1.3679 ,7.9367 ,107.7630 ,6.0249 ,1.0371 ,30.3710 ,33.1750 ,0.5085 ,2.1400 ,0.6426 
8-Jul,1.0395 ,1.5900 ,1.0130 ,6.8355 ,4.7335 ,7.8001 ,42.7000 ,106.8500 ,1015.0500 ,3.2476 ,10.2090 ,1.3252 ,5.1058 ,1.3591 ,7.6114 ,107.6090 ,6.0015 ,1.0283 ,30.4140 ,33.4710 ,0.5028 ,2.1400 ,0.6346 
8-Aug,1.1344 ,1.6127 ,1.0535 ,6.8462 ,4.9894 ,7.8076 ,42.9100 ,109.3600 ,1046.1100 ,3.3300 ,10.1150 ,1.4102 ,5.3331 ,1.4052 ,7.6651 ,107.7180 ,6.2845 ,1.0841 ,31.2210 ,33.8200 ,0.5301 ,2.1400 ,0.6687 
8-Sep,1.2243 ,1.8031 ,1.0582 ,6.8307 ,5.2020 ,7.7854 ,45.5300 ,106.5700 ,1134.8700 ,3.4405 ,10.6630 ,1.4839 ,5.6958 ,1.4297 ,8.0753 ,107.8230 ,6.6816 ,1.1102 ,31.9920 ,34.2380 ,0.5564 ,2.1400 ,0.6973 
8-Oct,1.4556 ,2.1810 ,1.1847 ,6.8358 ,5.6253 ,7.7588 ,48.6200 ,99.9700 ,1329.1900 ,3.5222 ,12.6590 ,1.6455 ,6.4973 ,1.4784 ,9.7800 ,108.1660 ,7.4435 ,1.1429 ,32.7030 ,34.4210 ,0.5930 ,2.1400 ,0.7538 
8-Nov,1.5172 ,2.2704 ,1.2171 ,6.8281 ,5.8448 ,7.7507 ,48.8500 ,96.9700 ,1398.7000 ,3.5843 ,13.1190 ,1.7655 ,6.9290 ,1.5076 ,10.1112 ,109.9590 ,7.9612 ,1.1910 ,33.1030 ,35.0350 ,0.6524 ,2.1400 ,0.7847 
8-Dec,1.4883 ,2.3954 ,1.2337 ,6.8539 ,5.5239 ,7.7504 ,48.5100 ,91.2800 ,1361.5700 ,3.5483 ,13.4170 ,1.7867 ,7.0159 ,1.4769 ,9.9227 ,111.4460 ,8.0124 ,1.1404 ,33.1560 ,35.0090 ,0.6732 ,2.1400 ,0.7401 
9-Jan,1.4806 ,2.3079 ,1.2248 ,6.8360 ,5.6284 ,7.7563 ,48.7000 ,90.1200 ,1354.4000 ,3.5705 ,13.8840 ,1.8149 ,6.9566 ,1.4913 ,9.9076 ,113.7690 ,8.1044 ,1.1267 ,33.3700 ,34.8710 ,0.6915 ,2.1400 ,0.7551 
9-Feb,1.5375 ,2.3230 ,1.2452 ,6.8363 ,5.8226 ,7.7534 ,49.2500 ,92.9200 ,1439.5800 ,3.6345 ,14.6070 ,1.9380 ,6.8710 ,1.5178 ,9.9773 ,114.1030 ,8.5455 ,1.1639 ,34.2390 ,35.3090 ,0.6934 ,2.1400 ,0.7814 
9-Mar,1.5002 ,2.3161 ,1.2645 ,6.8360 ,5.7137 ,7.7530 ,51.1300 ,97.8600 ,1449.6200 ,3.6726 ,14.6470 ,1.8741 ,6.7855 ,1.5296 ,9.9536 ,114.2840 ,8.5727 ,1.1555 ,34.3040 ,35.7370 ,0.7057 ,2.1400 ,0.7663 
9-Apr,1.3970 ,2.2027 ,1.2242 ,6.8306 ,5.6437 ,7.7501 ,49.9700 ,98.9200 ,1332.1300 ,3.6053 ,13.4040 ,1.7455 ,6.6557 ,1.5028 ,8.9644 ,117.3070 ,8.2297 ,1.1481 ,33.6010 ,35.4040 ,0.6797 ,2.1400 ,0.7576 
9-May,1.3075 ,2.0689 ,1.1528 ,6.8235 ,5.4585 ,7.7510 ,48.5100 ,96.6400 ,1254.3500 ,3.5218 ,13.1900 ,1.6628 ,6.4504 ,1.4611 ,8.3741 ,116.6720 ,7.7602 ,1.1076 ,32.8700 ,34.6240 ,0.6486 ,2.1400 ,0.7328 
9-Jun,1.2461 ,1.9586 ,1.1264 ,6.8334 ,5.3123 ,7.7505 ,47.6700 ,96.6100 ,1259.2900 ,3.5156 ,13.3410 ,1.5659 ,6.3915 ,1.4522 ,8.0332 ,114.8110 ,7.7670 ,1.0809 ,32.7700 ,34.1040 ,0.6109 ,2.1400 ,0.7136 
9-Jul,1.2424 ,1.9328 ,1.1229 ,6.8317 ,5.2837 ,7.7500 ,48.3600 ,94.3700 ,1259.6700 ,3.5443 ,13.3620 ,1.5518 ,6.3566 ,1.4493 ,7.9446 ,114.8000 ,7.6843 ,1.0780 ,32.8750 ,34.0310 ,0.6106 ,2.1400 ,0.7096 
9-Aug,1.1972 ,1.8453 ,1.0872 ,6.8323 ,5.2174 ,7.7506 ,48.2400 ,94.9000 ,1239.0000 ,3.5156 ,13.0060 ,1.4780 ,6.0705 ,1.4420 ,7.9406 ,114.7150 ,7.1562 ,1.0683 ,32.8560 ,34.0080 ,0.6049 ,2.1400 ,0.7010 
9-Sep,1.1598 ,1.8187 ,1.0816 ,6.8277 ,5.1065 ,7.7503 ,48.2900 ,91.2700 ,1211.8600 ,3.4899 ,13.4060 ,1.4192 ,5.9006 ,1.4220 ,7.5025 ,114.7670 ,6.9941 ,1.0391 ,32.5330 ,33.7880 ,0.6126 ,2.1400 ,0.6861 
9-Oct,1.1029 ,1.7378 ,1.0547 ,6.8267 ,5.0220 ,7.7497 ,46.6500 ,90.3700 ,1173.7400 ,3.4016 ,13.2280 ,1.3539 ,5.6428 ,1.3974 ,7.4871 ,114.7840 ,6.9550 ,1.0213 ,32.2910 ,33.3900 ,0.6168 ,2.1400 ,0.6747 
9-Nov,1.0873 ,1.7268 ,1.0593 ,6.8271 ,4.9914 ,7.7497 ,46.5300 ,89.2700 ,1162.8400 ,3.3886 ,13.1120 ,1.3697 ,5.6430 ,1.3888 ,7.5096 ,114.4850 ,6.9267 ,1.0131 ,32.3190 ,33.2620 ,0.6024 ,2.1400 ,0.6708 
9-Dec,1.1085 ,1.7508 ,1.0537 ,6.8275 ,5.1060 ,7.7526 ,46.5300 ,89.9500 ,1163.3100 ,3.4099 ,12.8620 ,1.3949 ,5.7708 ,1.3962 ,7.4848 ,114.2840 ,7.1384 ,1.0301 ,32.2460 ,33.2050 ,0.6163 ,2.1400 ,0.6859 
10-Jan,1.0957 ,1.7817 ,1.0438 ,6.8269 ,5.2177 ,7.7624 ,45.8900 ,91.1000 ,1138.1900 ,3.3750 ,12.8100 ,1.3768 ,5.7402 ,1.3965 ,7.4631 ,114.3590 ,7.1534 ,1.0345 ,31.8660 ,33.0270 ,0.6189 ,3.6100 ,0.7010 
10-Feb,1.1291 ,1.8420 ,1.0572 ,6.8285 ,5.4414 ,7.7670 ,46.2700 ,90.1400 ,1155.6600 ,3.4139 ,12.9400 ,1.4341 ,5.9182 ,1.4122 ,7.6680 ,114.5080 ,7.2683 ,1.0722 ,32.0620 ,33.1220 ,0.6403 ,4.2900 ,0.7310 
10-Mar,1.0961 ,1.7855 ,1.0229 ,6.8262 ,5.4837 ,7.7612 ,45.4500 ,90.7200 ,1136.0800 ,3.3205 ,12.5670 ,1.4213 ,5.9204 ,1.3994 ,7.4057 ,114.1040 ,7.1630 ,1.0666 ,31.8290 ,32.4910 ,0.6641 ,4.2900 ,0.7369 
10-Apr,1.0797 ,1.7568 ,1.0052 ,6.8256 ,5.5472 ,7.7627 ,44.4400 ,93.4500 ,1115.4600 ,3.2044 ,12.2400 ,1.4041 ,5.9169 ,1.3817 ,7.3444 ,113.8290 ,7.2026 ,1.0690 ,31.4770 ,32.2690 ,0.6522 ,4.2900 ,0.7453 
10-May,1.1477 ,1.8142 ,1.0403 ,6.8275 ,5.9253 ,7.7856 ,45.7700 ,91.9700 ,1164.8400 ,3.2509 ,12.7260 ,1.4318 ,6.2872 ,1.3940 ,7.6515 ,113.7030 ,7.7042 ,1.1295 ,31.8350 ,32.3650 ,0.6817 ,4.2900 ,0.7960 
10-Jun,1.1711 ,1.8042 ,1.0376 ,6.8184 ,6.0873 ,7.7880 ,46.5000 ,90.8100 ,1214.1100 ,3.2633 ,12.7100 ,1.4438 ,6.4728 ,1.3976 ,7.6356 ,113.5610 ,7.8261 ,1.1255 ,32.1990 ,32.4460 ,0.6771 ,4.2900 ,0.8181 
10-Jul,1.1382 ,1.7689 ,1.0422 ,6.7762 ,5.8179 ,7.7753 ,46.7600 ,87.5000 ,1203.8100 ,3.2035 ,12.8040 ,1.3996 ,6.2633 ,1.3756 ,7.5212 ,112.9570 ,7.4066 ,1.0530 ,32.0940 ,32.2900 ,0.6534 ,4.2900 ,0.7806 
10-Aug,1.1106 ,1.7589 ,1.0404 ,6.7873 ,5.7745 ,7.7702 ,46.4600 ,85.3700 ,1179.5200 ,3.1516 ,12.7660 ,1.3986 ,6.1481 ,1.3551 ,7.2877 ,112.3970 ,7.3015 ,1.0388 ,31.8700 ,31.7170 ,0.6385 ,4.2900 ,0.7750 
10-Sep,1.0641 ,1.7180 ,1.0330 ,6.7396 ,5.6867 ,7.7643 ,45.8700 ,84.3600 ,1159.9300 ,3.1032 ,12.7980 ,1.3721 ,6.0431 ,1.3333 ,7.1100 ,112.3030 ,7.0397 ,1.0002 ,31.6410 ,30.7770 ,0.6414 ,4.2900 ,0.7632 
10-Oct,1.0185 ,1.6837 ,1.0179 ,6.6678 ,5.3638 ,7.7580 ,44.3500 ,81.7300 ,1121.9400 ,3.0989 ,12.4390 ,1.3298 ,5.8322 ,1.3026 ,6.9087 ,111.6670 ,6.6770 ,0.9686 ,30.8130 ,29.9210 ,0.6302 ,4.2900 ,0.7194 
10-Nov,1.0112 ,1.7131 ,1.0129 ,6.6538 ,5.4617 ,7.7546 ,44.9300 ,82.5200 ,1129.6200 ,3.1132 ,12.3380 ,1.2948 ,5.9645 ,1.2987 ,6.9749 ,111.5160 ,6.8201 ,0.9847 ,30.3180 ,29.8690 ,0.6265 ,4.2900 ,0.7324 
10-Dec,1.0072 ,1.6955 ,1.0081 ,6.6497 ,5.6366 ,7.7736 ,45.1000 ,83.3400 ,1145.4800 ,3.1283 ,12.3900 ,1.3314 ,5.9833 ,1.3063 ,6.8237 ,111.0080 ,6.8524 ,0.9689 ,29.9010 ,30.0860 ,0.6412 ,4.2900 ,0.7564 